"BTSG:ICFEM17";"Modularization of Refinement Steps for Agile Formal Methods";-1;0;
"BCD+:SPLC17";"SPLC '17 Proceedings of the 21st International Systems and Software Product Line Conference - Volume B";-1;0;
"KPK+:SPLC17";"FeatureIDE Empowering Third-Party Developers";0;1504421840550;
"LSBL:SPLC17";"Modeling and Testing Product Lines with Unbounded Parametric Real-Time Constraints";-2;1504463585317;
"KTS+:ESECFSE17";"Is There a Mismatch Between Real-World Feature Models and Product-Line Research";0;1504015372779;
"DABW:STTT17";"Efficient Family-Based Model Checking via Variability Abstractions";4;1503257259772;
"ATL+:SoSyM16";"Effective Product-Line Testing Using Similarity-Based Product Prioritization";3;1504266317443;
"LLE:SoSyM16";"Variability Extraction and Modeling for Product Variants";9;1502280827695;
"MTS+17";"Mastering Software Variability with FeatureIDE";-2;1502203820034;
"DHL:TAP17";"Abstraction Refinement for the Analysis of Software Product Lines";-1;0;
"G:ESECFSE17";"Kmax Finding All Configurations of Kbuild Makefiles Statically";-1;0;
"LCA+:IST17";"Feature-Family-Based Reliability Analysis of Software Product Lines";-1;0;
"MNS+:SPLC17";"Anomaly Detection and Explanation in Context-Aware Software Product Lines";-1;0;
"ESKS:SPLC17";"An Empirical Study of Configuration Mismatches in Linux";-1;0;
"WRSS:VaMoS17";"Extractive Software Product Line Engineering Using Model-based Delta Module Generation";-1;0;
"SWS+:SPLC17";"Detecting Variability in MATLABSimulink Models An Industry-Inspired Technique and Its Evaluation";-1;0;
"ALL+:VACE17";"Delta-Oriented Product Prioritization for Similarity-Based Product-Line Testing";0;1504635792092;
"DW:FASE17";"Variability-Specific Abstraction Refinement for Family-Based Model Checking";3;1504290940164;
"BVW:FASE17";"Family-Based Model Checking with mCRL2";2;1504292022970;
"QPV+:SoSyM17";"The Shape of Feature Code An Analysis of Twenty C-Preprocessor-Based Systems";5;1504794535393;
"LATS:VaMoS17";"Optimizing Product Orders Using Graph Algorithms for Improving Incremental Product-line Analysis";2;1504793454138;
"FMS+:SANER17";"Variant-Preserving Refactorings for Migrating Cloned Products to a Product Line";0;1504112375679;
"WSSS:SANER16";"Custom-Tailored Variability Mining for Block-Based Languages";-1;0;
"WTS+:ISoLA16";"Identifying Variability in Object-Oriented Code Using Model-Based Code Mining";-1;0;
"FLRE:SBST16";"A Preliminary Empirical Assessment of Similarity for Combinatorial Interaction Testing of Software Product Lines";1;1503263750171;
"DL:iFM16";"On Type Checking Delta-Oriented Product Lines";7;1503259422958;
"SSRS:VaMoS16";"Aligning Coevolving Artifacts Between Software Product Lines and Products";4;1505131692584;
"BSD:SPLC16";"When 150% is Too Much Supporting Product Centric Viewpoints in an Industrial Product Line";0;1505130611266;
"SBWW:ICSME16";"Concepts, Operations, and Feasibility of a Projection-Based Variation Control System";10;1504776154897;
"RGPA:SPLC16";"A Prototype-Based Approach for Managing Clones in Clone-and-Own Product Lines";1;1504781560615;
"OFAL:SPLC16";"Long-Term Average Cost in Featured Transition Systems";2;1504782642056;
"LBC:SPLC16";"Towards Clone-and-Own Support Locating Relevant Methods in Legacy Products";1;1504783723835;
"ZGB+:SPLC16";"A Mathematical Model of Performance-Relevant Feature Interactions";2;1504779398129;
"PKM+:ICSR16";"FeatureIDE Scalable Product Configuration of Variable Systems";6;1504114538016;
"MBW:ICSE16";"How Does the Degree of Variability Affect Bug Finding";8;1504117911368;
"BSK+:SOFTENG16";"Migration from Annotation-Based to Composition-Based Product Lines Towards a Tool-Driven Process";2;1504118991909;
"HZS+:EMSE16";"Preprocessor-Based Variability in Open-Source and Industrial Software Systems An Empirical Study";19;1504039064856;
"T16";"Spezifikation und Verifikation von Produktlinien mit Feature-orientierten Vertraegen";0;1504777236353;
"SSS+16";"A Study on Tool Support for Refactoring in Database Applications";0;1504778317231;
"KAT:GPCE16";"Explaining Anomalies in Feature Models";5;1504276751204;
"AKT+:GPCE16";"IncLing Efficient Product-line Testing Using Incremental Pairwise Sampling";6;1504277832711;
"AMK+:GPCE16";"Tool Demo Testing Configurable Systems with FeatureIDE";5;1504289858007;
"AKTS:FOSD16";"Implicit Constraints in Partial Feature Models";2;1504293104863;
"RRM+:IST16";"Assessing Fine-Grained Feature Dependencies";2;1504784804441;
"SAKS:EMSE16";"Quantifying Structural Attributes of System Decompositions in 28 Feature-Oriented Software Product Lines";2;1503926452411;
"BABN:EMSE16";"Breathing Ontological Knowledge Into Feature Model Synthesis An Empirical Study";25;1503983620827;
"MKR+:ICSE16";"A Comparison of 10 Sampling Algorithms for Configurable Systems";18;1502563348481;
"TRS+:SPLC16";"Product-Line Maintenance with Emergent Contract Interfaces";0;1504785886320;
"KST+:SPLC16";"Comparing Algorithms for Efficient Feature-Model Slicing";5;1503984703039;
"PTF+:SPLC16";"Synchronizing Software Variants with VariantSync";3;1503925371601;
"TLK:SPLC16";"Clean Your Variable Code with FeatureIDE";0;1504786967719;
"HNTS:ISoLA16";"Proof-Carrying Apps Contract-Based Deployment-Time Verification";1;1503252932342;
"SBT:SPLC16";"Partially Safe Evolution of Software Product Lines";2;1504788049239;
"MWK+:ASE16";"On Essential Configuration Complexity Measuring Interactions In Highly-Configurable Systems";7;1503924289703;
"KAT:TR16";"Explaining Anomalies in Feature Models";5;1502900782002;
"R16";"Analysis Strategies for Configurable Systems";2;1504789130606;
"ITT:SEAMS16";"Symbolic Performance Adaptation";4;1503994830045;
"BVM:SCP16";"Basic Behavioral Models for Software Product Lines Expressiveness and Testing Pre-Orders";15;1503996994288;
"DDP:MSR16";"FEVER Extracting Feature-Oriented Changes from Commits";5;1504613407481;
"SL:SAC16";"Similarity Management of 'Cloned and Owned' Variants";2;1504554990908;
"FAHC:ICSR16";"Feature Location in Model-Based Software Product Lines Through a Genetic Algorithm";4;1503919961484;
"MZP+:ICSR16";"Feature Location Benchmark for Software Families Using Eclipse Community Releases";4;1503918879258;
"SSCW:ICSR16";"Tax-PLEASE - Towards Taxonomy-Based Software Product Line Engineering";2;1503916715852;
"LMTS:ICSR16";"Applying Incremental Model Slicing to Product-Line Regression Testing";7;1503995913179;
"SKT+:ICSE16";"Feature-Model Interfaces The Highway to Compositional Analyses of Highly-Configurable Systems";7;1502586122899;
"MTS+:ICSE16";"FeatureIDE Taming the Preprocessor Wilderness";9;1502928911712;
"CHG+:MODULARITY16";"Segregating Feature Interfaces to Support Software Product Line Maintenance";3;1502587204345;
"KSTS:TR16";"An Efficient Algorithm for Feature-Model Slicing";3;1503917797041;
"M16";"Metaanalyse zu Strategien fuer die formale Verifikation von Software-Produktlinien";0;1504790211813;
"ABT+:VaMoS16";"Mutation Operators for Preprocessor-Based Variability";1;1504791292248;
"TWS+:VaMoS16";"Variability Hiding in Contracts for Dependent Software Product Lines";6;1502929993115;
"P16";"Automating the Synchronization of Software Variants";2;1502588285777;
"RTS+:JLAMP16";"Variability Encoding From Compile-Time to Load-Time Variability";7;1502931075285;
"DPL+:VaMoS15";"Covering SPL Behaviour with Sampled Configurations An Initial Assessment";-1;0;
"BSAB:ICSE15";"Symbolic Model Checking of Product-Line Requirements Using SAT-Based Methods";4;1503275650936;
"NBKC:TSE15";"Where Do Configuration Constraints Stem From An Extraction Approach and an Empirical Study";22;1503274569168;
"KSFS:VaMoS15";"Use-Case-Specific Source-Code Documentation for Feature-Oriented Programming";2;1504120072903;
"PCF:ICSR15";"A Systematic Literature Review of Software Product Line Management Tools";13;1504111293861;
"DBW:ECOOP15";"Variability Abstractions Trading Precision for Speed in Family-Based Analyses";9;1503998075688;
"BKL+:AUSE15";"Reasoning about Product-Line Evolution Using Complex Feature Model Differences";12;1503915634004;
"VBM:ICFEM15";"Delta-Oriented FSM-Based Testing";6;1504792373769;
"FLLE:ICSE15";"The ECCO Tool Extraction and Composition for Clone-and-Own";10;1503921043616;
"LFLE:SST15";"Using Traceability for Incremental Construction and Evolution of Software Product Portfolios";4;1502268936189;
"ALL+:GECCO15";"Extracting Variability-Safe Feature Models from Source Code Dependencies in System Variants";9;1503922125135;
"JBAC:SPLC15";"Maintaining Feature Traceability with Embedded Annotations";9;1503923207397;
"MZB+:SPLC15";"Bottom-Up Adoption of Software Product Lines A Generic and Extensible Approach";30;1504006724262;
"LJG+:ICSE15";"Morpheus Variability-Aware Refactoring in the Wild";27;1504007805707;
"useSKT+:ICSE16";"Feature-Model Interfaces for Compositional Analyses";2;1502932157458;
"ES:STTT15";"Mapping the Design Space of Textual Variability Modeling Languages A Refined Analysis";9;1502933238996;
"BLB+:FASE15";"Facilitating Reuse in Multi-Goal Test-Suite Generation for Software Product Lines";13;1504796696797;
"RGA+:ICSE15";"Presence-Condition Simplification in Highly Configurable Systems";11;1502934320264;
"SSW:ICSME15";"Forked and Integrated Variants in an Open-Source Firmware Project";12;1504797777983;
"SGKA:ESECFSE15";"Performance-Influence Models for Highly Configurable Systems";40;1502935402415;
"LEGP:MODELS15";"Feature Modeling of Two Large-Scale Industrial Software Systems Experiences and Lessons Learned";11;1502270017635;
"FAB+:SPLC15";"Assessing Product Line Derivation Operators Applied to Java Source Code An Empirical Study";2;1504798859237;
"OGRT:SLE15";"Using Decision Rules for Solving Conflicts in Extended Feature Models";4;1503999156501;
"RBR+:SPLC15";"Fault-Based Product-Line Testing Effective Sample Generation Based on Feature-Diagram Mutation";7;1502936484254;
"LBS:SANER15";"Towards Incremental Model Slicing for Delta-Oriented Software Product Lines";5;1502937566358;
"LLL+:SPLC15";"Delta-Oriented Test Case Prioritization for Integration Testing of Software Product Lines";6;1502938647953;
"AGV:ICST15";"Generating Tests for Detecting Faults in Feature Models";13;1502939729472;
"S15";"An Annotation-Centric Approach to Similarity Management";1;1502940811328;
"SSR:sosym15";"Variability Testing in the Wild The Drupal Case Study";10;1502941893121;
"WKP:VaMoS15";"Uncovering Variability Models for Software Ecosystems from Multi-Repository Structures";3;1502271098248;
"LG:VaMoS15";"Using Feature Feeds to Improve Developer Awareness in Software Ecosystem Evolution";8;1502942974679;
"M:SE15";"Scalable Sampling and Prioritization for Product-Line Testing";5;1502272178767;
"TAK+:SE15";"Analysis Strategies for Software Product Lines A Classification and Survey";1;1502944056558;
"T15";"Product-Line Specification and Verification with Feature-Oriented Contracts";6;1502945138518;
"BDS:SCP14";"Implementing Type-Safe Software Product Lines Using Parametric Traits";12;1502946220126;
"MJ:TAOSD14";"Modular Reasoning in Aspect-Oriented Languages from a Substitution Perspective";4;1502947302202;
"LHF+:CEC14";"Comparative Analysis of Classical Multi-Objective Evolutionary Algorithms and Seeding Strategies for Pairwise Testing of Software Product Lines";-1;0;
"TDS+:ATC14";"Static Analysis of Variability in System Software The 90,000 Ifdefs Issue";-1;0;
"ZHP+:SAC14";"Towards a Language-Independent Approach for Reverse-Engineering of Software Product Lines";20;1504519840951;
"SSA:Modellierung14";"DeltaEcore - A Model-Based Delta Language Generation Framework";17;1503036333468;
"KHS+:PPPJ14";"DeltaJ 1.5 Delta-Oriented Programming for Java 1.5";20;1503034171096;
"WKE+:Onward14";"Variational Data Structures Exploring Tradeoffs in Computing with Variability";21;1504000237815;
"DPL+:ISoLA14";"Coverage Criteria for Behavioural Testing of Software Product Lines";14;1504001318884;
"SDCE:ICSE14";"Case Studies and Tools for Contract Specifications";13;1504002399242;
"DPS:SPLat14";"Abstract Test Case Generation for Behavioural Testing of Software Product Lines";9;1501711753602;
"BV:ISoLA14";"Towards Modular Verification of Software Product Lines with mCRL2";15;1501690347742;
"VK:APSEC14";"Model Checking of Software Product Lines in Presence of Nondeterminism and Probabilities";0;1504893067486;
"LAG+:ICSME14";"Recovering Feature-to-Code Mappings in Mixed-Variability Software Systems";9;1502289476200;
"useLLE:SoSyM16b";"Enhancing Clone-and-Own with Systematic Reuse for Developing Software Variants";-2;1502102672888;
"KKS:ICSME14";"Program Dependency Analysis for Consolidating Customized Product Copies";6;1504008886954;
"BNR+:MODELS14";"Three Cases of Feature-Based Variability Modeling in Industry";22;1504009968612;
"DSW:SPLC14";"Delta-Oriented Multi Software Product Lines";10;1502948384827;
"MRGF:JUCS14";"A Catalogue of Refactorings to Remove Incomplete Annotations";8;1502993435277;
"LS:SPLat14";"Towards the Assessment of Software Product Line Tests A Mutation System for Variable Systems";13;1502994517096;
"BL:FOSD14";"Towards Incremental Test Suite Optimization for Software Product Lines";5;1502995598885;
"PHL:ICST14";"Sampling Program Inputs with Mutation Analysis Going Beyond Combinatorial Interaction Testing";18;1502404160266;
"HPL:SBSE14";"Mutation-Based Generation of Software Product Line Test Configurations";20;1502405253116;
"SO:SPLC14";"Generation, Composition, and Verification of Families of Human-Intensive Systems";3;1503032007403;
"SWZ:InnoSWDev14";"Model Checking Partial Software Product Line Designs";1;1503033089377;
"BH14";"Reasoning and Verification State of the Art and Current Trends";25;1503035252058;
"M14";"VarexJ A Variability-Aware Interpreter for Java Applications";5;1503037416615;
"K14";"Product-Line Verification with Abstract Contracts";-2;1504894148359;
"RBB14";"Emergent Interfaces for Feature Modularization";2;1503038498819;
"ABB+:VSTTE14";"The KeY Platform for Verification and Analysis of Java Programs";43;1503075398508;
"SFG+:SCP14";"On the Use of Feature-Oriented Programming for Evolving Software Product Lines - A Comparative Study";21;1503076480227;
"MMCA:IST14";"On Strategies for Testing Software Product Lines A Systematic Literature Review";32;1503077562353;
"BV:FormaliSE14";"Using mCRL2 for the Analysis of Software Product Lines";20;1503078644125;
"NKN:ICSE14";"Exploring Variability-Aware Execution for Testing Plugin-Based Web Applications";44;1503079733907;
"NBKC:ICSE14";"Mining Configuration Constraints Static Analyses and Empirical Results";70;1504011049406;
"RBK:ICSE14";"Feature Maintenance with Emergent Interfaces";24;1502450361197;
"NKN:FSE14";"Building Call Graphs for Embedded Client-Side Code in Dynamic Web Applications";16;1502451442141;
"CHL+:FSE14";"Counterexample Guided Abstraction Refinement of Product-Line Behavioural Models";13;1502452523868;
"AV:REVE14";"Feature Location for Software Product Line Migration A Mapping Study";12;1502453605216;
"APL+:SPLC14";"Identifying Inactive Code in Product Lines with Configuration-Aware System Dependence Graphs";12;1502454686250;
"T:SPLC14";"Behavioral Relations in a Process Algebra for Variants";14;1502455767260;
"DTP:SPLC14";"A Software Product Line Approach for Semantic Specification of Block Libraries in Dataflow Languages";7;1504895230602;
"CWD+:SPLat14";"An Extensible Platform for Product-Line Behavioural Analysis";4;1502480709583;
"BV:SPLat14";"Software Product Line Analysis with mCRL2";9;1502481791378;
"BHP:ISoLA14";"Fully Abstract Operation Contracts";13;1502716993122;
"LMBR:ISoLA14";"DeltaCCS A Core Calculus for Behavioral Change";15;1502718080154;
"KRA:FOSD14";"On the Relation Between Internal and External Feature Interactions in Feature-Oriented Product Lines A Case Study";2;1502719167485;
"KS:ICSME14";"Program Slicing in the Presence of Preprocessor Variability";2;1504012130342;
"FGFS:JUCS14";"A Toolset for Checking SPL Refinements";2;1504930906968;
"ABW:ASE14";"42 Variability Bugs in the Linux Kernel A Qualitative Analysis";50;1502720256400;
"HPP+:TSE14";"Bypassing the Combinatorial Explosion Using Similarity to Generate and Prioritize T-Wise Test Configurations for Software Product Lines";61;1502721340850;
"MH14";"Scalable and Efficient Sampling for Product-Line Testing";1;1504013210988;
"useATL+:SoSyM16";"Similarity-Based Prioritization in Software Product-Line Testing";34;1504294186427;
"TMB+:SPLC14";"Potential Synergies of Theorem Proving and Model Checking for Software Product Lines";10;1504014291598;
"MTS+:SPLat14";"An Overview on Analysis Tools for Software Product Lines";18;1504017534783;
"SSTS:SPLC14";"Feature-Context Interfaces Tailored Programming Interfaces for Software Product Lines";12;1504018615364;
"CE:ICFP14";"Type-Based Parametric Analysis of Program Families";4;1504019695988;
"PK14";"Tool Support for Contracts in FeatureIDE";1;1504020777327;
"SSR:ICST14";"A Comparison of Test Case Prioritization Criteria for Software Product Lines";32;1504931988457;
"SR:SATTOSE14";"Similarity Management via History Annotation";1;1502273259652;
"TAK+:CSUR14";"A Classification and Survey of Analysis Strategies for Software Product Lines";168;1504021858446;
"AJB+:ICSE14";"Flexible Product Line Engineering with a Virtual Platform";32;1504036902364;
"HSMI:ICST14";"Multi-Objective Test Suite Optimization for Incremental Product Family Testing";20;1504037983719;
"EFN:FM14";"Contracts in Practice";22;1504040146163;
"P14";"Effiziente Kodierung von Variabilität in Spezifikationen";0;1504933070239;
"B14";"Representing Variability in Product Lines A Survey of Modeling and Specification Techniques";2;1504041228008;
"CM:FASE14";"Semantically Configurable Analysis of Scenario-Based Specifications";3;1504042309209;
"KDO:TSE14";"Variability Mining Consistent Semiautomatic Detection of Product-Line Features";36;1502406334396;
"DKB:AOSD14";"Probabilistic Model Checking for Energy Analysis in Software Product Lines";23;1502437153365;
"RLB+:AOSD14";"AspectJML Modular Specification and Runtime Checking for Crosscutting Contracts";10;1504934152350;
"RLB+:AOSDtool14";"Modularizing Crosscutting Contracts with AspectJML";8;1504935234454;
"MBW:AOSD14";"Systematic Derivation of Static Analyses for Software Product Lines";11;1502438234678;
"CCH+:SCP14";"Formal Semantics, Modular Specification, and Symbolic Verification of Product-Line Behaviour";29;1502440628412;
"SK:SCP14";"Reducing the Verification Cost of Evolving Product Families Using Static Analysis Techniques";6;1502441711582;
"CEW:TOPLAS14";"Extending Type Inference to Variational Programs";33;1502442792877;
"WG+:JSS14";"Evolving Feature Model Configurations in Software Product Lines";29;1502443873593;
"YDL+:HASE14";"Combinatorial Test Generation for Software Product Lines Using Minimum Invalid Tuples";5;1502444954528;
"T:SE14";"Modular Reasoning for Crosscutting Concerns with Contracts";0;1504936316461;
"RA:IJCSI14";"A Contractual Specification of Functional and Non-Functional Requirements of Domain-Specific Components";2;1502446035825;
"BTI:TOSEM14";"Join Point Interfaces for Safe and Flexible Decoupling of Aspects";32;1502447116865;
"BH:FHIES14";"Towards Formal Safety Analysis in Feature-Oriented Product Line Development";6;1502448198063;
"ASN:VaMoS14";"Towards Assessing the Complexity of Object Migration in Dynamic, Feature-Oriented Software Product Lines";3;1502449279752;
"DPC+:VaMoS14";"Towards Statistical Prioritization for Software Product Lines Testing";27;1503477807762;
"FTS:VaMoS14";"A Taxonomy of Software Product Line Reengineering";17;1503478889819;
"SSA:VaMoS14";"Capturing Variability in Space and Time with Hyper Feature Models";14;1503479971411;
"TKB+:SCP14";"FeatureIDE An Extensible Framework for Feature-Oriented Software Development";247;1503481053411;
"KGP:EMSE13";"Integrating Conceptual and Logical Couplings for Change Impact Analysis in Software";27;1502291638759;
"AGA:TSE13";"Trustrace Mining Software Repositories to Improve the Accuracy of Requirement Traceability Links";48;1502290557772;
"RC:ESECFSE13";"N-Way Model Merging";28;1502351365008;
"BSL+:TSE13";"A Study of Variability Models and Languages in the Systems Software Domain";67;1504780479112;
"MLF+:CBSOFT13";"Colligens A Tool to Support the Development of Preprocessor-Based Software Product Lines in C";1;1504121154176;
"KKK:REVE13";"A Graph-Based Analysis Concept to Derive a Variation Point Design from Product Copies";9;1504003480594;
"VK:FMSPLE13";"Discrete Time Markov Chain Families Modeling and Verification of Probabilistic Software Product Lines";12;1504614488551;
"DRGP:JSEP13";"Feature Location in Source Code A Taxonomy and Survey";343;1504079906149;
"useLLE:SoSyM16a";"Recovering Traceability Between Features and Code in Product Variants";-2;1502103763653;
"RC13";"A Survey of Feature Location Techniques";40;1504080989896;
"DRB+:CSMR13";"An Exploratory Study of Cloning in Industrial Software Product Lines";73;1504082078216;
"SDTF:TOPLAS13";"Contracts for First-Class Classes";24;1503482135719;
"H:FMCO13";"The Abstract Behavioral Specification Language A Tutorial Introduction";25;1503483216429;
"AKS+:FOSD13";"Exploring Feature Interactions in the Wild The New Feature-interaction Challenge";28;1503484298394;
"BRN+:VaMoS13";"A Survey of Variability Modeling in Industrial Practice";161;1503519480422;
"SRA:GPCE13";"Family-Based Performance Measurement";13;1503520562540;
"GBC+:ESECFSE13";"Incrementally Synthesizing Controllers from Scenario-Based Product Line Specifications";23;1503521644087;
"GSCH:REJ13";"Features Meet Scenarios Modeling and Consistency-Checking Scenario-Based Product Line Specifications";8;1503522725496;
"ABT+:REJ13";"Evaluating Scenario-Based SPL Requirements Approaches The Case for Modularity, Stability and Expressiveness";10;1503523806619;
"HS:SC13";"Reusable Components for Lightweight Mechanisation of Programming Languages";4;1503580452189;
"MRG:GPCE13";"Investigating Preprocessor-Based Syntax Errors";29;1503581534409;
"MRKN:iFM13";"Compositional Verification of Software Product Lines";23;1503582615686;
"BDS13";"Compositional Type Checking of Delta-Oriented Software Product Lines";35;1503701528912;
"KKL13";"Introduction to Combinatorial Testing";84;1504083164824;
"HP+:SPLC13";"Multi-Objective Test Generation for Software Product Lines";56;1504084258053;
"KSS:VariComp13";"Towards Efficient SPL Testing by Variant Reduction";7;1504085343260;
"M13";"JML-Based Verification for Feature-Oriented Programming";5;1504086424264;
"IHE+:ICCAD13";"Formal Verification of Distributed Dynamic Thermal Management";11;1504087506186;
"KRHA:GPCE13";"A Comparison of Product-Based, Feature-Based, and Family-Based Type Checking";13;1504088587885;
"LKA+:ESECFSE13";"Scalable Analysis of Variable Software";95;1504089669624;
"KMKB:ESECFSE13";"SPLat Lightweight Dynamic Analysis for Reducing Combinatorics in Testing Configurable Systems";31;1504090750535;
"DDJS13";"Verifying Traits An Incremental Proof System for Fine-Grained Reuse";11;1504091831631;
"PGT+:SPLC13";"Coevolution of Variability Models and Related Artifacts A Case Study from the Linux Kernel";37;1504092912531;
"RLK+13";"Quantifying the Effects of Aspectual Decompositions on Design by Contract Modularization A Maintenance Study";6;1504093993698;
"BMB+:PLDI13";"SPLLIFT Statically Analyzing Software Product Lines in Minutes Instead of Years";54;1504095075444;
"HTH13";"Separation of Concerns in Feature Diagram Languages A Systematic Survey";23;1504096156558;
"SK:JUCS13";"Modeling and Verification of Reconfigurable Actor Families";5;1504097238009;
"SK:FSEN13";"Delta Modeling and Model Checking of Product Families";7;1504098319135;
"I13";"Methodology for the Derivation of Product Behaviour in a Software Product Line";7;1504099400569;
"HB:FHIES13";"Enhancing Product Line Development by Safety Requirements and Verification";6;1504100481831;
"FKA+:EMSE13";"Do Background Colors Improve Program Comprehension in the Ifdef Hell";48;1504327985961;
"RCC:SPLC13";"Managing Cloned Variants A Framework and Experience";52;1504101563322;
"D13";"Feature Modularity in Mechanized Reasoning";0;1504937398584;
"SST:MultiPLE13";"Towards Modular Analysis of Multi Product Lines";19;1503702611049;
"ABKS13";"Feature-Oriented Software Product Lines Concepts and Implementation";-2;1504941572710;
"useRLB+:AOSD14";"AspectJML Modular Specification and Runtime Checking for Crosscutting Contracts";10;1504942654685;
"PB13";"Separation Logic for Object-Oriented Programming";9;1503703693022;
"BLP:FMSPLE13";"Combining Declarative and Procedural Views in the Specification and Analysis of Product Families";31;1503704775208;
"useBLP:FMSPLE13";"Combining Declarative and Procedural Views in the Feature-Oriented Specification and Analysis of Product Families";0;1504943736661;
"BRT+13";"Intraprocedural Dataflow Analysis for Software Product Lines";51;1503705857121;
"CCS+13";"Featured Transition Systems Foundations for Verifying Variability-Intensive Systems and Their Application to LTL Model Checking";116;1503706938752;
"W13";"Methoden-basierte Komposition von Kontrakten in Feature-orientierter Programmierung";3;1503708019824;
"LLKK:ICSR13";"Validating Consistency between a Feature Model and Its Implementation";10;1503709101903;
"CCH+:SPLC13";"ProVeLines A Product Line of Verifiers for Software Product Lines";40;1503710183359;
"HSB:CADE13";"Reuse in Software Verification by Abstract Method Calls";16;1503711265307;
"WHSS:MAPLESCALE13";"Interface Variability in Family Model Mining";18;1503875177401;
"SSA:FMSPLE13";"Variability-Aware Safety Analysis Using Delta Component Fault Diagrams";6;1503875257236;
"LC:SCP13";"A Systematic Mapping Study on Software Product Line Evolution From Legacy System Reengineering to Product Line Refactoring";44;1503876342995;
"CCH+:ASAS13";"Model Checking Adaptive Software with Featured Transition Systems";28;1503877424501;
"CSHL:ICSE13";"Beyond Boolean Product-Line Model Checking Dealing with Feature Attributes and Multi-Features";53;1503878506724;
"ARTK13";"Feature-Interaction Detection Based on Feature-Based Specifications";21;1503903709939;
"T:ISSTA13";"Product-Line Verification with Feature-Oriented Contracts";4;1503904791299;
"TAZ+:MASPEGHI13";"Subclack Feature-Oriented Programming with Behavioral Feature Interfaces";10;1503905872657;
"HLC:ICSE13";"Efficient Quality Assurance of Variability-Intensive Systems";1;1504944817582;
"RLL+:FOAL13";"Modular Aspect-Oriented Design Rule Enforcement with XPIDRs";10;1503906955295;
"C13";"Test Case-Aware Combinatorial Interaction Testing";17;1503908061217;
"PFP+:ICSE13";"What Good Are Strong Specifications";35;1503909142757;
"DOS:POPL13";"Meta-Theory a la Carte";37;1504945899457;
"RC:ICSE13";"A Framework for Managing Cloned Product Variants";30;1503910224697;
"EW:GTTSE13";"Variation Programming with the Choice Calculus";17;1503911306658;
"EORW:VaMoS13";"Adding Configuration to the Choice Calculus";5;1503912388758;
"BM13";"C4J Contracts, Java und Eclipse";-2;1504946981195;
"GBS13";"ReFlO An Interactive Tool for Pipe-And-Filter Domain Specification and Program Generation";8;1503913470166;
"ARW+:ICSE13";"Strategies for Product-Line Verification Case Studies and Experiments";90;1503914552314;
"AKL13";"Language-Independent and Automated Software Composition The FeatureHouse Experience";64;1504951119416;
"STSS:VaMoS13";"Automated Analysis of Dependent Feature Models";14;1504952200698;
"RAK+:VaMoS13";"The PLA Model On the Combination of Product-Line Analyses";33;1505026425126;
"MGSH:SPLC13";"Practical Pairwise Testing for Software Product Lines";-1;0;
"NNP+:TSE12";"Clone Management for Evolving Software";80;1502352446768;
"HRGL:SPLC12";"Using Regression Testing to Analyze the Impact of Changes to Variability Models on Products";18;1501712835056;
"ALL:ASE12";"Structured Merge with Auto-Tuning Balancing Precision and Performance";21;1504102644994;
"ZFSZ:CSMR12";"Feature Identification from the Source Code of Product Variants";61;1504103725619;
"DGK+:ICST12";"An Empirical Study of Pre-Release Software Faults in an Industrial Product Line";11;1505027506551;
"YH:STVR12";"Regression Testing Minimization, Selection and Prioritization A Survey";708;1505028588632;
"HZDK:ICSM12";"Recovering Commit Dependencies for Selective Code Integration in Software Product Lines";5;1505111130932;
"BEG:CASCON12";"Grammar-based Test Generation for Software Product Line Feature Models";15;1505112212453;
"AHC+:CAiSE12";"Feature Model Differences";28;1505113294384;
"SGB+:VaMoS12";"BeTTy Benchmarking and Testing on the Automated Analysis of Feature Models";69;1505114387372;
"TSD+:OOPSLA12";"Gradual Typing for First-Class Classes";43;1501756515621;
"MJ:FOAL12";"Design by Contract for Aspects, by Aspects";2;1501757596542;
"HFA+12";"Exemplar Driven Development of Software Product Lines";5;1501758677787;
"EBG:CAiSE12";"Evolutionary Search-Based Test Generation for Software Product Line Feature Models";60;1501759758960;
"CCS+:VaMoS12";"Managing Evolution in Software Product Lines A Model-Checking Perspective";24;1501760840248;
"BGM:SPLC12";"Demonstration of a Model Checker for the Analysis of Product Variability";7;1501761921166;
"GG:PLDI12";"SuperC Parsing All of C by Taming the Preprocessor";52;1501763001664;
"SLW:12";"Multi-Perspectives on Feature Models";36;1501764082527;
"HTGE13";"Managing Emerging Configuration Dependencies in Multi Product Lines";13;1501765164120;
"CMSE:SEN12";"Strategies for Testing Products in Software Product Lines";33;1501766245430;
"LSKL:TAP12";"Incremental Model-Based Testing of Delta-oriented Software Product Lines";68;1501767326761;
"DT+:MISS12";"Understanding Linux Feature Distribution";32;1501768407261;
"MHF:SPLC12";"An Algorithm for Generating T-Wise Covering Arrays from Large Feature Models";123;1502040366168;
"useHPP+:TSE14";"Bypassing the Combinatorial Explosion Using Similarity to Generate and Prioritize T-Wise Test Suites for Large Software Product Lines";33;1504004561766;
"MHF+:MODELS12";"Generating Better Partial Covering Arrays by Modeling Weights on Sub-Product Lines";37;1502041451269;
"POS+:SQJ12";"Pairwise Testing for Software Product Lines Comparison of Two Approaches";101;1502042537719;
"O:PhD12";"Feature Model-Based Software Product Line Testing";10;1502043619627;
"WRH+12";"Experimentation in Software Engineering";4307;1505115468891;
"KS:COORDINATION12";"Using Coordinated Actors to Model Families of Distributed Systems";-2;1502091846278;
"ABFG:ISoLA12";"A Compositional Framework to Derive Product Line Behavioural Descriptions";-2;1502092928219;
"SJBK:COMPSAC12";"Scheduling and Analysis of Real-Time Software Families";6;1504104806682;
"BMP:SERENE12";"Assume-Guarantee Testing of Evolving Software Product Line Architectures";1;1502274340870;
"PSS:MODIQUITOUS12";"Test Modeling for Context-aware Ubiquitous Applications with Feature Petri Nets";9;1505116550379;
"FKL+:ICPC12";"Measuring Programming Experience";45;1504105887325;
"S12";"Framework for Measuring Program Comprehension";9;1505117631929;
"RLBC:SPLC12";"Managing Forked Product Variants";28;1504106968349;
"HGR:IST12";"A Systematic Review and an Expert Survey on Capabilities Supporting Multi Product Lines";63;1504108049970;
"JHS:FMCO12";"ABS A Core Language for Abstract Behavioral Specification";216;1504110212159;
"LKL:SPLC12";"A Survey on Software Product Line Testing";49;1504168442636;
"DCP+:ISoLA12";"A Vision for Behavioural Model-Driven Validation of Software Product Lines";16;1505118712973;
"SK:FSEN12";"Efficient Verification of Evolving Software Product Lines";9;1504169523530;
"SLC12";"Towards Fully-Fledged Reverse Inheritance in Eiffel";7;1504170604734;
"CSHL:FMSPLE12";"Towards an Incremental Automata-Based Approach for Software Product-Line Model Checking";18;1504171686384;
"CSHL:SPLC12";"Behavioural Modelling and Verification of Real-Time Software Product Lines";24;1504177428397;
"CCH+12";"Model Checking Software Product Lines with SNIP";60;1504190047999;
"KKB:ISSRE12";"Shared Execution for Efficiently Testing Product Lines";34;1504191128579;
"KRE+:FOSD12";"Toward Variability-Aware Testing";58;1504209544342;
"useCEW:TOPLAS14";"An Error-Tolerant Type System for Variational Lambda Calculus";32;1504210625685;
"HK:WCRE12";"Reverse Engineering Variability in Source Code Using Clone Detection A Case Study for Linux Variants of Consumer Electronic Devices";22;1504211706935;
"TB12";"Entwicklung von Softwarevarianten mit FeatureIDE";-2;1505119794908;
"XXJ:WCRE12";"Feature Location in a Collection of Product Variants";47;1504212788525;
"ACG+:VaMoS12";"On Extracting Feature Models From Product Descriptions";100;1504243905271;
"LSZ12";"Featherweight Jigsaw - Replacing Inheritance by Composition in Java-like Languages";14;1504244986706;
"HS:ISoLA12";"A Liskov Principle for Delta-Oriented Programming";33;1504259826686;
"MAG:WASP12";"Formal Specification and Verification of Well-Formedness in Business Process Product Lines";0;1505120876461;
"JHF+:ICTSS12";"A Technique for Agile and Automatic Interaction Testing for Product Lines";11;1504260907604;
"useMRKN:iFM13";"Compositional Verification of Evolving Software Product Lines";2;1504261992052;
"L12";"Variables Nanodatenmanagement fuer eingebettete Systeme";2;1505121958309;
"B12";"Contract-Aware Feature Composition";8;1504263072698;
"GSCH:RE12";"Efficient Consistency Checking of Scenario-Based Product-Line Specifications";19;1504264154325;
"CCP+:ICSE12";"Simulation-Based Abstractions for Software Product-Line Model Checking";50;1504265236135;
"HJD:ConfWS12";"Unifying Software and Product Configuration A Research Roadmap";17;1505123039861;
"P12";"System Design and Risk Assessment for Safety Critical Control Software Product Lines";1;1504005643155;
"useLKA+:ESECFSE13";"Large-Scale Variability-Aware Type Checking and Dataflow Analysis";11;1504329067500;
"KOE:OOPSLA12";"A Variability-Aware Module System";72;1505124121396;
"useBMB+:PLDI13";"Transparent and Efficient Reuse of IFDS-Based Static Program Analyses for Software Product Lines";0;1505125203572;
"GDS:ICSE12";"Test Confessions A Study of Testing Practices for Plug-in Systems";43;1504330149102;
"HBC+12";"A Code Tagging Approach to Software Product Line Development";10;1504340097338;
"RC:FASE12";"Combining Related Products into Product Lines";71;1504414268752;
"SCRS12";"Mintha A Framework for Auto-Programming and Testing of Railway Controllers for Varying Clients";-2;1505126285101;
"HMZ:RAMiCS12";"Foundations of Coloring Algebra with Consequences for Feature-Oriented Programming";3;1504415350085;
"HMZ12";"Foundations of Coloring Algebra with Consequences for Feature-Oriented Programming";3;1504416431819;
"JLM+12";"A Constraint-Based Variability Modeling Framework";26;1504417513443;
"DS:ISoLA12";"Family-Based Analysis of Type Safety for Delta-Oriented Software Product Lines";22;1504418594908;
"BTG12";"A Theory of Software Product Line Refinement";42;1504419676822;
"SRC+12";"Software Diversity State of the Art and Perspectives";82;1504420758666;
"BMS:FM12";"VMC A Tool for Product Variability Analysis";41;1504464667457;
"SCD:FASE12";"Integration Testing of Software Product Lines Using Compositional Symbolic Execution";34;1504465749540;
"HRRS:Monterey12";"Evolving Delta-Oriented Software Product Line Architectures";32;1504466831741;
"BS:FOSD12";"Ensuring Well-Formedness of Configured Domain Models in Model-Driven Product Lines Based on Negative Variability";15;1504467913365;
"FOSD12";"FOSD '12 Proceedings of the 4th International Workshop on Feature-Oriented Software Development";-2;1505127366593;
"HLL+12";"Behavioral Interface Specification Languages";114;1504468995457;
"DDJ+:FMSPLE12";"A Transformational Proof System for Delta-Oriented Programming";23;1504470076848;
"T:MIT12";"Verification of Software Product Lines Using Contracts";3;1504471158209;
"TSAH:GPCE12";"Family-Based Deductive Verification of Software Product Lines";58;1504472240044;
"KATS:TOSEM12";"Type Checking Annotation-Based Product Lines";121;1505128448483;
"B:PLAS12";"Position Paper Static Flow-Sensitive and Context-Sensitive Information-Flow Analysis for Software Product Lines";11;1504473321943;
"useBRT+13";"Intraprocedural Dataflow Analysis for Software Product Lines";52;1504474403924;
"ASL+12";"Access Control in Feature-Oriented Programming";33;1504475485914;
"useTAK+:CSUR";"Analysis Strategies for Software Product Lines";71;1504476567536;
"TLD:OSR12";"Configuration Coverage in the Analysis of Large-Scale System Software";46;1505129529462;
"TSK+:FASE12";"Applying Design by Contract to Feature-Oriented Programming";32;1504477648924;
"STKS:VaMoS12";"Variant-Preserving Refactoring in Feature-Oriented Software Product Lines";41;1504478731138;
"OZLG:SPLC11";"Pairwise Feature-interaction Testing for SPLs Potentials and Limitations";31;1501713750208;
"X:ICSE11";"Reengineering Legacy Software Products into Software Product Line Based on Automatic Variability Analysis";18;1504479813283;
"ACLF:ASE11";"Slicing Feature Models";47;1504480895695;
"KSL+:Promise11";"Are Change Metrics Good Predictors for an Evolving Software Product Line";22;1504481976992;
"KLG:MSR11";"Empirical Evaluation of Reliability Improvement in an Evolving Software Product Line";14;1504483058689;
"CMN:STVR11";"On the Use of a Similarity Function for Test Case Selection in the Context of Model-Based Testing";3;1504484140115;
"GC:ISSRE11";"Feature Interaction Faults Revisited An Exploratory Study";36;1504485221669;
"AB:ICSE11";"A Practical Guide for Using Statistical Tests to Assess Randomized Algorithms in Software Engineering";400;1504486303396;
"EP:IST11";"Software Product Line Testing – a Systematic Mapping Study";220;1504487385356;
"HBG:ISSRE11";"PACOGEN Automatic Generation of Pairwise Test Configurations from Feature Models";63;1504488467136;
"BG:SQJ11";"Assessing the Maintainability of Software Product Line Feature Models Using Structural Metrics";100;1504489548473;
"ALB+:ESECFSE11";"Semistructured Merge Rethinking Merge in Revision Control Systems";46;1504490630609;
"DKB:WCRE11";"Analyzing the Source Code of Multiple Software Variants for Reuse Potential";46;1504491712759;
"Pa11";"Sustainable Evolution of Product Line Infrastructure Code";-2;1505132774686;
"HHJ+:FMCO11";"HATS Abstract Behavioral Specification The Architectural View";15;1504493875888;
"W11";"Deductive Verification of Object-Oriented Software Dynamic Frames, Dynamic Logic, and Predicate Abstraction";45;1504494957583;
"HZS:SCP11";"Statically Safe Program Generation with SafeGen";70;1504496039532;
"HS:TOPLAS11";"Morphing Structurally Shaping a Class by Reflecting on Others";24;1504497121718;
"HHSDA11";"Supporting Multiple Perspectives in Feature-Based Configuration";51;1504498203847;
"EB+:ITNG11";"Goal-Oriented Test Case Selection and Prioritization for Product Line Feature Models";23;1504499286090;
"JHF:MODELS11";"Properties of Realistic Feature Models Make Combinatorial Testing of Product Lines Feasible";50;1504500368289;
"GCD:ESE11";"Evaluating Improvements to a Meta-Heuristic Search for Constrained Interaction Testing";111;1504501450534;
"JH:TSE11";"An Analysis and Survey of the Development of Mutation Testing";837;1504502532238;
"C:NFM11";"OpenJML JML for Java 7 by Extending OpenJDK";45;1504503613774;
"LWE:VLHCC11";"ifdef Confirmed Harmful Promoting Understandable Software Variation";29;1504504695879;
"FSP+:EASE11";"Using Background Colors to Support Program Comprehension in Software Product Lines";32;1505133855931;
"YYZ+:ESECFSE11";"How Do Fixes Become Bugs";135;1504505777951;
"SK:FACS11";"Reducing the Model Checking Cost of Product Lines Using Static Analysis Techniques";4;1504506859500;
"NL:CSUR11";"A Survey of Combinatorial Testing";378;1504507941867;
"BK:CAV11";"CPAchecker A Tool for Configurable Software Verification";-2;1504509022881;
"OWES11";"A Survey of Model-Based Software Product Lines Testing";40;1504510104617;
"LHME:SPLC11";"From Requirements to Features An Exploratory Study of Feature-Oriented Refactoring";22;1504511186004;
"DCI+11";"A Systematic Mapping Study of Software Product Lines Testing";145;1504512267321;
"ALH+:ICSR11";"Supporting Consistency Checking Between Features and Software Product Line Use Scenarios";19;1504513349176;
"KAO:FOSD11";"The Road to Feature Modularity";44;1504514431130;
"EW11";"The Choice Calculus A Representation for Software Variation";99;1504515512503;
"RCL+:FTfJP11";"On the Interplay of Exception Handling and Design by Contract An Aspect-Oriented Recovery Approach";8;1504516594778;
"P11";"Precise Documentation The Key to Better Software";60;1504492794133;
"RQB+:GPCE11";"On the Impact of Feature Dependencies when Maintaining Preprocessor-Based Software Product Lines";29;1504517677020;
"GWW+11";"A Genetic Algorithm for Optimized Feature Selection with Resource Constraints in Software Product Lines";114;1504518758788;
"ABFG:FMOODS11";"A Model-Checking Tool for Families of Services";26;1504520922346;
"TBG:SBES11";"Safe Composition of Configuration Knowledge-Based Software Product Lines";19;1504522004033;
"NTS+:GPCE11";"Investigating the Safe Evolution of Software Product Lines";53;1504523086003;
"GPB:SC11";"Composing Event-B Specifications Case-Study Experience";17;1504524167918;
"ABF+:PLEASE11";"Design and Validation of Variability in Product Lines";13;1504525250424;
"BMP:SERENE11";"Guaranteeing Correct Evolution of Software Product Lines Setting up the Problem";3;1504526331766;
"useABFG:ISoLA12";"Formal Description of Variability in Product Families";84;1505138245242;
"CE:SPLC11";"Optimizing the Product Derivation Process";13;1504527412601;
"KA:GTTSE11";"Feature-Oriented Software Development A Short Tutorial on Feature-Oriented Programming, Virtual Separation of Concerns, and Variability-Aware Analysis";-2;1505139327350;
"TSP+:11";"AutoDaMa On the Feasibility of Secure and Tailor-made Automotive Data Management";-2;1505140408918;
"ASW+:ASE11";"Detection of Feature Interactions Using Feature-Aware Verification";94;1504528494553;
"useASW+:ASE11";"Feature-Aware Verification";-2;1505152964255;
"BKS:FoVeOOS11";"Verification of Software Product Lines with Delta-Oriented Slicing";34;1504529576516;
"KBK:AOSD11";"Reducing Combinatorics in Testing Product Lines";92;1504530658342;
"ACLF:SAC11";"A Domain-Specific Language for Managing Feature Models";36;1504531740586;
"BFL+11";"Specification and Verification The Spec Experience";141;1504532822855;
"ER:IST11";"Software Product Line Testing - A Systematic Mapping Study";220;1504533905028;
"TLSS:EuroSys11";"Feature Consistency in Compile-Time-Configurable System Software Facing the Linux 10,000 Feature Problem";110;1504534986808;
"KGR+:OOPSLA11";"Variability-Aware Parsing in the Presence of Lexical Macros and Conditional Compilation";161;1502722433635;
"DCB:OOPSLA11";"Product Lines of Theorems";30;1502723515684;
"HRRS:MBEES11";"Delta Modeling for Software Architectures";42;1502724598460;
"H11";"Next-Generation Feature Models with Pseudo-Boolean SAT Solvers";4;1502725681687;
"useHS:ISoLA12";"A Liskov Principle for Delta-Oriented Programming";33;1502726763403;
"STAL:FOSD11";"Automatic Detection of Feature Interactions Using the Java Modeling Language An Experience Report";17;1504536068320;
"LBL:AUSE11";"Compositional Model Checking of Software Product Lines Using Variation Point Obligations";56;1504537150334;
"SH11";"Formal Methods in Software Product Line Engineering";39;1502727844751;
"SBD11";"Compositional Type-Checking for Delta-Oriented Programming";59;1502728926643;
"CHSL:ICSE11";"Symbolic Model Checking of Software Product Lines";177;1502730338457;
"SRK+:SPLC11";"Scalable Prediction of Non-functional Properties in Software Product Lines";58;1502784296015;
"TKES:SPLC11";"Abstract Features in Feature Modeling";92;1502785376723;
"RS:ICST11";"Runtime Verification of Linux Kernel Modules Based on Call Interception";17;1502786461814;
"MCHB:VAMOS11";"A Formal Semantics for Feature Cardinalities in Feature Diagrams";41;1502787543642;
"SLBWC:ICSE11";"Reverse Engineering Feature Models";242;1502788625904;
"TSKA:VAST11";"Proof Composition for Deductive Verification of Software Product Lines";43;1502789707214;
"OZML:VaMoS11";"MoSo-PoLiTe - Tool Support for Pairwise and Model-Based Software Product Line Testing";45;1504547416669;
"RSTS:VAMOS11";"Multi-Dimensional Variability Modeling";50;1504548498892;
"MC:SCP10";"Decision-Making Coordination and Efficient Reasoning Techniques for Feature-Based Configuration";44;1504122235496;
"D:SPLC10";"Visualizing and Analyzing Software Variability with Bar Diagrams and Occurrence Matrices";5;1501714832242;
"GKN:SPLC10";"Sans Constraints Feature Diagrams vs. Feature Models";6;1504549581151;
"SF:DLS10";"Contracts for First-Class Classes";24;1504550663253;
"HEB+:FOSD10";"Toolchain-Independent Variant Management with the Leviathan Filesystem";11;1504551744379;
"BMB+:Models10";"Aspect-Oriented Feature Models";18;1504552826518;
"KO:OOPSLA10";"Modular Logic Metaprogramming";8;1504553908789;
"KKHL:FOSD10";"TypeChef Toward Type Checking Ifdef Variability in C";49;1504556072317;
"ABGF:VaMoS10";"A Deontic Logical Framework for Modelling Product Families";24;1504557153668;
"RS:VaMoS10";"Automating the Configuration of Multi Software Product Lines";80;1504615569557;
"HB:ISSRE10";"An Industrial Investigation of Similarity Measures for Model-Based Test Case Selection";45;1504616650874;
"M10";"Testing a Software Product Line";211;1504617732036;
"SK:FMSPLE10";"An Effective Approach for Verifying Product Lines in Presence of Variability Models";0;1505154046331;
"useKBK:AOSD11";"Eliminating Products to Test in a Software Product Line";3;1505155128035;
"A10";"Modeling in Event-B System and Software Engineering";1231;1505155958617;
"SPB:ABZ10";"A Basis for Feature-Oriented Modelling in Event-B";12;1504618813595;
"SOM:SOFSEM10";"Model-Driven Software Product Line Testing An Integrated Approach";17;1504619898110;
"LMP10";"Quality Assurance in the Presence of Variability";17;1504620979963;
"VGE+:ASE10";"Flexible and Scalable Consistency Checking on Product Line Variability Models";47;1504622061626;
"MCP+:FMSPLE10";"Feature Petri Nets";29;1504623142795;
"KBBK:RV10";"Reducing Configurations to Monitor in a Software Product Line";45;1504624224389;
"ALMK10";"An Algebraic Foundation for Automatic Feature-Based Program Synthesis";54;1504625306481;
"ABFG:iFM10";"A Logical Framework to Deal with Variability";58;1504626388029;
"DJOS10";"Lazy Behavioral Subtyping";25;1504627469048;
"BDH:FoVeOOS10";"Verification of Variable Software An Experience Report";3;1504630384501;
"SMP:SPLC10";"Avoiding Redundant Testing in Application Engineering";23;1504631466308;
"RSK:FOSD10";"Improving Reuse of Component Families by Generating Component Hierarchies";3;1504632547927;
"AL:iFM10";"Adding Change Impact Analysis to the Formal Verification of C Programs";2;1504633629231;
"STL:TR10";"An Algorithm for Quantifying the Program Variability Induced by Conditional Compilation";4;1504634710674;
"STLS:GPCE10";"Efficient Extraction and Analysis of Preprocessor-Based Variability";37;1504636873585;
"HPSA:SAC10";"Dynamic Contract Layers";24;1504637955022;
"ASLK:FOSD10";"Language-Independent Reference Checking in Software Product Lines";21;1504639036633;
"NNH10";"Principles of Program Analysis";2155;1504640117999;
"SGS:FMCO10";"Compositional Algorithmic Verification of Software Product Lines";28;1504641199102;
"BCH+:ASE10";"Tag and Prune A Pragmatic Approach to Software Product Line Implementation";31;1504642280594;
"RPRB:SPLASH10";"Emergent Feature Modularization";37;1504643361765;
"BDS:SAC10";"Implementing Software Product Lines Using Traits";41;1504644443774;
"AH:TOPLAS10";"A Calculus for Uniform Feature Composition";47;1504645525121;
"SC10";"A New Eclipse-Based JML Compiler Built Using AST Merging";16;1504646610993;
"PSK+:ICST10";"Automated and Scalable T-Wise Test Case Generation Strategies for Software Product Lines";186;1504647694829;
"RPK:GPCE10";"Automatic Variation-Point Identification in Function-Block-Based Models";42;1504648778613;
"KS:FOSD10";"Patching Product Line Programs";5;1504649861015;
"CIZ:OOPSLA10";"Mostly Modular Compilation of Crosscutting Concerns by Contextual Predicate Dispatch";26;1504678901470;
"BSLWC:ASE10";"Variability Modeling in the Real A Perspective from the Operating Systems Domain";-2;1502094009964;
"OMR:SPLC10";"Automated Incremental Pairwise Testing of Software Product Lines";-2;1502095091659;
"K10";"Virtual Separation of Concerns Toward Preprocessors 2.0";13;1505157040129;
"CHSLR10";"Model Checking Lots of Systems Efficient Verification of Temporal Properties in Software Product Lines";-2;1502096172803;
"AKGL10";"Type Safety for Feature-Oriented Product Lines";-2;1502097253876;
"T10";"A Machine-Checked Proof for a Product-Line-Aware Type System";-2;1502098335861;
"ASLK:ISSRE10";"Detecting Dependences and Interactions in Feature-Oriented Design";-2;1502099417230;
"SBB+:SPLC10";"Delta-Oriented Programming of Software Product Lines";-2;1502100507034;
"LAL+:ICSE10";"An Analysis of the Variability in Forty Preprocessor-Based Software Product Lines";-2;1502101588494;
"BSRC10";"Automated Analysis of Feature Models 20 Years Later A Literature Review";884;1505158122433;
"OG:ICSR09";"Reusable Model-Based Testing";26;1501744616106;
"KFBA:SQJ09";"Extending the Reflexion Method for Consolidating Software Variants into Product Lines";51;1504679983345;
"YHMS:ISSTA09";"Clustering Test Cases to Achieve Effective and Scalable Prioritisation Incorporating Expert Knowledge";-2;1502104848208;
"RCK:SCP09";"Comparison and Evaluation of Code Clone Detection Techniques and Tools A Qualitative Approach";-2;1502105929370;
"MKB:JSME09";"An Evaluation of Code Similarity Identification for the Grow-and-Prune Model";-2;1502107010459;
"BDGG:NC09";"A Survey on Metaheuristics for Stochastic Combinatorial Optimization";-2;1502108091571;
"ACLF:SLE09";"Composing Feature Models";-2;1502109173265;
"YD:NaBIC09";"Cuckoo Search via Levy Flights";-2;1502110254190;
"CHTN:ICSE09";"Towards Safer Composition";19;1502180702263;
"ABGF:VaMoS09";"Deontic Logics for Modeling Behavioural Variability - Research in Progress";0;1505159204864;
"ALKKL:FOSD09";"An Orthogonal Access Modifier Model for Feature-Oriented Programming";5;1502181786179;
"MSA:09";"Viewpoint-Oriented Variability Modeling";-2;1502182868998;
"WCR:SPLC09";"A Framework for Constructing Semantically Composable Feature Models from Natural Language Requirements";114;1502183951575;
"RBK:SBLP09";"Optimizing JML Feature Compilation in Ajmlc Using Aspect-Oriented Refactorings";16;1502185033431;
"CMRH09";"Software Dependencies, Work Dependencies, and Their Impact on Failures";214;1505160286263;
"PPR+:SIGMOD09";"A Comparison of Approaches to Large-scale Data Analysis";1125;1502186121711;
"WDF+:CADE09";"SPASS Version 3.5";225;1505161367865;
"MBNJ:ICSE09";"Taming Dynamically Adaptive Systems Using Models and Aspects";225;1502187203844;
"MDHS09";"Producing Wrong Data Without Doing Anything Obviously Wrong!";238;1505242715616;
"C09";"How NOT to Review a Paper The Tools and Techniques of the Adversarial Reviewer";11;1502188285636;
"MFC+09";"Programs That Test Themselves";93;1502189367701;
"MA:SPLC09";"Gathering Current Knowledge About Quality Evaluation in Software Product Lines";24;1502190448924;
"TRC:VaMoS09";"Abductive Reasoning and Automated Analysis of Feature Models How are They Connected";48;1502191529275;
"TSS+:FOSD09";"Dead or Alive Finding Zombie Features in the Linux Kernel";43;1502192610378;
"DCB09";"Fitting the Pieces Together A Machine-Checked Model of Safe Composition";61;1502197333906;
"useDCB09";"A Machine-Checked Model of Safe Composition";42;1502198415436;
"MWC:SPLC09";"SAT-Based Analysis of Feature Models is Easy";234;1502199496537;
"KAR+:SPLC09";"On the Impact of the Optional Feature Problem Analysis and Case Studies";91;1502200577225;
"H:FOSD09";"Towards Systematic Ensuring Well-Formedness of Software Product Lines";36;1502201658956;
"BJS:VaMoS09";"A Design of a Configurable Feature Model Configurator";41;1502202739417;
"M09";"Efficient Reasoning Techniques for Large Scale Feature Models";66;1502204901094;
"HM:FOSD09";"An Extension for Feature Algebra";4;1502205981841;
"KBK:GPCE09";"Safe Composition of Non-Monotonic Features";34;1502207062251;
"MBC:OOPSLA09";"S.P.L.O.T. Software Product Lines Online Tools";-2;1505276377207;
"LPT09";"Model Checking of Domain Artifacts in Product Line Engineering";122;1502208143750;
"WDS09";"Selecting Highly Optimal Architectural Feature Sets with Filtered Cartesian Flattening";120;1502219050648;
"KA:JOT09";"Virtual Separation of Concerns - A Second Chance for Preprocessors";81;1504113456894;
"AK09";"An Overview of Feature-Oriented Software Development";352;1502220075144;
"useAKL13";"FeatureHouse Language-Independent, Automated Software Composition";208;1505277459326;
"KAK:GPCE09";"A Model of Refactoring Physically and Virtually Separated Features";59;1505278540827;
"R09";"Alternative Features in Colored Featherweight Java";5;1505279622544;
"F09b";"Formalization and Type-Soundness Proof for Featherweight Java in Coq";-2;1505280704738;
"F09";"Language Facilities for the Deployment of Reusable Aspects";6;1505281786437;
"AKGL09";"Type-Safe Feature-Oriented Product Lines";-2;1505282868683;
"JDHW09";"Do Code Clones Matter";343;1505283950602;
"TBK09";"Reasoning about Edits to Feature Models";278;1505285032223;
"KTS+:ICSE09";"FeatureIDE A Tool Framework for Feature-Oriented Software Development";160;1502221156330;
"K:ICSM08";"Frontiers of Software Clone Management";65;1504766013916;
"HHPS:Computer08";"Dynamic Software Product Lines";323;1504123317020;
"LS:JAR08";"Algorithms for Computing Minimal Unsatisfiable Subsets of Constraints";262;1504546335545;
"MBKM:CSMR08";"Supporting the Grow-and-Prune Model in Software Product Lines Evolution Using Clone Detection";65;1501745697241;
"AT:ISSRE08";"Automated Generation of Pointcut Mutants for Testing Pointcuts in AspectJ Programs";41;1502222237665;
"DKN+:WCRE08";"Variant Comparison - A Technique for Visualizing Software Variants";9;1502223319379;
"HSW:VISPLE08";"On Controlled Visualisations in Software Product Line Engineering";35;1502224400785;
"KKB:GPCE08";"On the Modularity of Feature Interactions";42;1502225481685;
"P:ABZ08";"The Composition of Event-B Models";27;1502226563728;
"SG08";"Verified Software Theories, Tools, Experiments";0;1505286114432;
"BTC:ICECCS08";"On Extracting Tests from a Testable Model in the Context of Domain Engineering";12;1502227644949;
"LMN:SPLC08";"An Approach for Developing Service Oriented Product Lines";60;1502228726654;
"CD+:TSE08";"Constructing Interaction Test Suites for Highly-Configurable Systems in the Presence of Constraints A Greedy Approach";203;1504681064914;
"ESB08";"Quality-Aware Software Product Line Engineering";25;1502261365115;
"ENC+:ICSE08";"Evolving Software Product Lines with Aspects An Empirical Study on Design Stability";392;1505287196648;
"JCP08";"Reporting Experiments in Software Engineering";215;1502262446755;
"HKL+08";"Parallelizing Query Optimization";42;1502263528421;
"L:BSD08";"LLVM and Clang Next Generation Compiler Technology";111;1502264609104;
"AHM+08";"Using Static Analysis to Find Bugs";258;1502265690198;
"HH:FM08";"Towards Consistent Specifications of Product Families";20;1502266771298;
"RSL+:SAVCBS08";"JML and Aspects The Benefits of Instrumenting JML Features with AspectJ";6;1502267852138;
"TBD+08";"Automated Error Analysis for the Agilization of Feature Modeling";147;1505288277998;
"hall-of-fame";"The Product Line Hall of Fame";27;1502488834816;
"GLS08";"Modeling and Model Checking Software Product Lines";136;1502489916982;
"FG:SPLC08";"Formal Modeling for Product Families Engineering";91;1502490999249;
"AKL:GPCE08";"Feature Featherweight Java A Calculus for Feature-Oriented Programming and Stepwise Refinement";70;1502492081604;
"ALS:TSE08";"Aspectual Feature Modules";182;1505289360041;
"AMG08";"Contracts for Aspect-Oriented Design";11;1502561184656;
"RLCS08";"A JML Compiler Based on AspectJ";10;1502562266328;
"KARL:TOOLS08";"A Multiparadigm Study of Crosscutting Modularity in Design Patterns";6;1502606942937;
"SKRKS:VaMoS08";"Integrated Product Line Model for Semi-Automated Product Derivation Using Non-Functional Properties";35;1502702847694;
"SRKKS:APSEC08";"Measuring Non-functional Properties in Software Product Lines for Product Derivation";39;1502703934841;
"BB08";"Modularizing Theorems for Software Product Lines The Jbook Case Study";35;1502705021334;
"HKW:ICSE08";"FeatureMapper Mapping Features to Models";182;1502706112323;
"SSP08";"The Linux Kernel Configurator as a Feature Modeling Tool";33;1502707198426;
"ACPPW08";"Engineering Formal Metatheory";195;1502708291044;
"JKB08";"Formal Methods in Software Product Lines Concepts, Survey, and Guidelines";6;1502709379372;
"KTA08";"Visualizing Software Product Line Variabilities in Source Code";54;1502710467402;
"KAK08";"Granularity in Software Product Lines";433;1502711554451;
"MWCC08";"Efficient Compilation Techniques for Large Scale Feature Models";116;1502712641251;
"PS:ASE08";"Configuration Lifting Software Verification Meets Software Configuration";2;1502713729719;
"KA08";"Type-Checking Software Product Lines-A Formal Approach";121;1502714816879;
"T08";"Reasoning about Feature Model Edits";4;1502715907645;
"WSB+:SPLC08";"Automated Diagnosis of Product-Line Configuration Errors in Feature Models";144;1504682146190;
"AL08";"Superimposition A Language-Independent Approach to Software Composition";83;1502275421909;
"MVS:ISSTA07";"Automating Component-Based System Assembly";40;1505290442152;
"JDB:SPLC07";"Minimally Invasive Migration to Software Product Lines";37;1502276502215;
"FW:WMA07";"Mutant Minimization for Model-Checker Based Test-Case Generation";20;1502277583635;
"BCU:FMOODS07";"Specification of Timed EFSM Fault Models in SDL";26;1502278665146;
"BC:CGEC07";"One-test-at-a-time Heuristic Search for Interaction Test Suites";86;1502279746797;
"DHG:ICECCS07";"A Formal Contract Language for Plugin-Based Software Engineering";15;1505291530153;
"LL:DV07";"Software Engineering Grundlagen, Menschen, Prozesse, Techniken";78;1502281908934;
"YH:ISSTA07";"Pareto Efficient Multi-objective Test Case Selection";262;1502282989951;
"RW:REJ07";"Multi-Level Feature Trees A Pragmatic Approach to Managing Highly Complex Product Families";-2;1505301753092;
"UGKB:ESEC07";"A Specification-Based Approach to Testing Software Product Lines";17;1502284071116;
"LK+:ECBS07";"IPOG A General Strategy for T-Way Software Testing";225;1502285151827;
"NCB+SEI07";"A Framework for Software Product Line Practice, Version 5.0";98;1502286232906;
"CDS:ISSTA07";"Interaction Testing of Highly-Configurable Systems in the Presence of Constraints";198;1502287314003;
"BHJM:STTT07";"The Software Model Checker Blast Applications to Software Engineering";2;1502288395423;
"M:ICFI07";"Quality Issues in Software Product Lines Feature Interactions and Beyond";6;1502353528429;
"JWEG:MODELS07";"Model Composition in Product Lines and Feature Interaction Detection Using Critical Pair Analysis";154;1502354609605;
"LNW:ESOP07";"Modal IO Automata for Interface and Product Line Theories";230;1502355691517;
"LM:ICSE07";"Information Hiding and Visibility in Interface Specifications";36;1502356772980;
"KAB:SPLC07";"A Case Study Implementing Features Using AspectJ";221;1502357853635;
"W:AOSD07";"Aspect-Oriented Design Principles Lessons from Object-Oriented Design";15;1502358935183;
"AGDS07";"Evaluating Pair Programming with Respect to System Complexity and Programmer Expertise";264;1505308299595;
"L07";"Survey of Product-Line Verification and Validation Techniques";8;1502360015932;
"FM07";"The WhyKrakatoaCaduceus Platform for Deductive Program Verification";422;1502362086722;
"LDL07";"Safety Analysis of Software Product Lines Using State-Based Modeling";95;1502363168458;
"P:REFSQ07";"Towards Feature-Oriented Specification and Development with Event-B";29;1502364249558;
"A07";"The Role of Features and Aspects in Software Development";56;1502365330979;
"BHS07";"Verification of Object-Oriented Software The KeY Approach";602;1502366412312;
"SSSPS:OSSPL07";"Is the Linux Kernel a Software Product Line";60;1502367493803;
"BSTRC:VaMoS07";"FAMA Tooling a Framework for the Automated Analysis of Feature Models";0;1505309381442;
"HZS:AOSD07";"cJ Enhancing Java with Safe Type Conditions";45;1502368575683;
"RC07";"A Survey on Software Clone Detection Research";499;1504683227829;
"SNOPRSS07";"Ott Effective Tool Support for the Working Semanticist";109;1504684308190;
"SSP07";"The Java Module System Core Design and Semantic Definition";79;1504685389597;
"MHPSS:RE07";"Disambiguating the Documentation of Variability in Software Product Lines A Separation of Concerns, Formalization and Automated Analysis";236;1504686471124;
"LSR07";"Software Product Lines in Action The Best Industrial Practice in Product Line Engineering";-2;1504690324865;
"K07";"Aspect-Oriented Refactoring of Berkeley DB";17;1504691409184;
"B07";"On the Automated Analysis of Software Product Lines Using Feature Models - A Framework for Developing Automated Tool Support";67;1505310463268;
"TBKC07";"Safe Composition of Product Lines";252;1504692490208;
"useALMK10";"An Algebra for Feature-Oriented Software Development";37;1504693571516;
"CW07";"Feature Diagrams and Logics There and Back Again";303;1504694652101;
"JK07";"Reasoning about Feature Models in Higher-Order Logic";76;1504695732602;
"SHTB07";"Generic Semantics of Feature Diagrams";357;1505323201397;
"LST+:SIGOPS06";"A Quantitative Analysis of Aspects in the eCos Kernel";124;1504124398476;
"DL:AUSE06";"PLFaultCAT A Product-Line Software Fault Tree Analysis Tool";55;1501746778789;
"D:QSIC06";"Quality Assessment of Mutation Operators Dedicated for C Programs";44;1504696813127;
"UL06";"Practical Model-Based Testing A Tools Approach";1157;1504697894722;
"SHT:RE06";"Feature Diagrams A Survey and a Formal Semantics";441;1504698975684;
"WSM+:ISSTA06";"Time-Aware Test Suite Prioritization";310;1504700057230;
"DNS+:TOPLAS06";"Traits A Mechanism for Fine-grained Reuse";266;1504701138874;
"KC:SPLC06";"New Methods in Software Product Line Development";92;1504702219904;
"NTJ06";"System Testing of Product Lines From Requirements to Test Cases";42;1504703301650;
"CDS:ISSTA06";"Coverage and Adequacy in Software Product Line Testing";126;1504704382853;
"GSS+06";"Modular Software Design with Crosscutting Interfaces";304;1505365124989;
"ALSU06";"Compilers Principles, Techniques, and Tools (2nd Edition)";-2;1505367185348;
"LBL:ICSE06";"Feature Oriented Refactoring of Legacy Applications";249;1504705463617;
"SUST:AOAsia06";"An Extensible Contract Verifier for AspectJ";15;1504706544730;
"RRDH06";"Checking JML Specifications Using an Extensible Software Model Checking Framework";21;1504707625665;
"AGMO06";"An Overview of CaesarJ";331;1504708706937;
"LC06";"Design by Contract with JML";198;1505368268318;
"FUB:ROSATEA06";"A Foundation for Behavioural Conformance in Software Product Line Architectures";138;1504709788929;
"BBC+:FMCO06";"JACK A Tool for Validation of Security and Behaviour of Java Applications";54;1504710869953;
"F06";"Five Misunderstandings About Case-Study Research";9220;1504711951340;
"CM06";"Feature Interaction Detection by Pairwise Analysis of LTL Properties-A Case Study";36;1504713032718;
"KN06";"Formal Verification and Software Product Lines";46;1504714114428;
"H:OOPSLA06";"Eliminating Distinctions of Class Using Prototypes to Model Virtual Classes";26;1504715195289;
"K06";"Aspect Categories and Classes of Temporal Properties";104;1504716277147;
"LBR06";"Preliminary Design of JML A Behavioral Interface Specification Language for Java";949;1504717358460;
"ALS:ICSE06";"Aspectual Mixin Layers Aspects and Features in Concert";161;1504718438788;
"B:GTTSE06";"A Tutorial on Feature Oriented Programming and the AHEAD Tool Suite";90;1504719520361;
"KG06";"Supporting the Analysis of Clones in Software Systems A Case Study";-2;1501499701825;
"CP06";"Verifying Feature-Based Model Templates Against Well-Formedness OCL Constraints";248;1501500784231;
"KV06";"Towards Type Safety of Aspect-Oriented Languages";5;1504720602139;
"AWLF06";"Proof General in Eclipse System and Architecture Overview";11;1504721683300;
"B06";"A Very Mathematical Dilemma";9;1504722764103;
"CKK06";"Feature Models are Views on Ontologies";166;1504723845822;
"TBRCST06";"Explanations for Agile Feature Models";27;1501501865904;
"BRCTS06";"A Survey on the Automated Analyses of Feture Models";0;1501502947881;
"BBRC06";"Automated Analyses of Feature Models Challenges Ahead";224;1504724926981;
"AGMKBdL06";"Refactoring Product Lines";180;1504725753517;
"BSTRC06";"A First Step Towards a Framework for the Automated Analysis of Feature Models";81;1501504029514;
"YGM:SEAS06";"Assessing Merge Potential of Existing Engine Control Systems into a Product Line";22;1504733331941;
"GHM+:IBMSJ05";"The Eclipse 3.0 Platform Adopting OSGi Technology";124;1504124838060;
"YMKI:PROFES05";"Measuring Similarity of Large Software Systems Based on Source Code Correspondence";67;1501505111394;
"CK:CASSIS04";"ESCJava2 Uniting ESCJava and JML";-2;1504762769426;
"C05";"A Design Discipline and Language Features for Modular Reasoning in Aspect-Oriented Programs";43;1504763851176;
"ACV+:ICSM05";"Comparative Analysis of Porting Strategies in J2ME Games";29;1504764932322;
"AMC+:SPLC05";"Extracting and Evolving Mobile Games Product Lines";130;1504769620865;
"A:ECOOP05";"Open Modules Modular Reasoning About Advice";302;1504770701541;
"BEM:RISE05";"Can Aspects Implement Contracts";31;1504773989131;
"DNS:JACM05";"Simplify A Theorem Prover for Program Checking";840;1504775074075;
"SGB05";"A Taxonomy of Variability Realization Techniques Research Articles";-2;1501506192849;
"BDN:OOPSLA05";"ClassboxJ Controlling the Scope of Change in Java";140;1501620061593;
"KM:ICSE05";"Aspect-Oriented Programming and Modular Reasoning";394;1501507274475;
"BL:PASTE05";"Weakest-Precondition of Unstructured Programs";229;1501656325713;
"H:AUSE05";"Fundamental Nonmodularity in Electronic Mail";30;1501661163383;
"CKLP:FMCO05";"Beyond Assertions Advanced Specification and Verification with JML and ESCJava2";246;1501662243701;
"BCC+05";"An Overview of JML Tools and Applications";1001;1501663325203;
"LKF:AUSE05";"Modular Verification of Open Features Using Three-Valued Model Checking";55;1501664405635;
"CA:GPCE05";"Mapping Features to Models A Template Approach Based on Superimposed Variants";601;1501665486369;
"LS05";"Extending Design by Contract for Aspect-Oriented Programming";17;1501666567485;
"FK:VSTTE05";"Decomposing Verification Around End-User Features";18;1501667647926;
"ALRS05";"FeatureC++ On the Symbiosis of Feature-Oriented and Aspect-Oriented Programming";194;1501668728305;
"W05";"Formalization and Type-Soundness Proof for Featherweight Java in Coq";-2;1501508355552;
"JavaSpec";"The Java Language Specification, Third Edition";-2;1501509437001;
"PBL05";"Software Product Line Engineering Foundations, Principles and Techniques";3388;1501669810107;
"T05";"Enabling the Smooth Integration of Core Assets Defining and Packaging Architectural Rules for a Family of Embedded Products";19;1501670890924;
"BSTRC05";"Using Java CSP Solvers in the Automated Analyses of Feature Models";73;1501671971758;
"KC05";"Synchronizing Cardinality-Based Feature Models and Their Specializations";54;1501673052904;
"CHE05b";"Staged Configuration through Specialization and Multi-Level Configuration of Feature Models";505;1501674133398;
"WLSZP05";"A Semantic Web Approach to Feature Modeling and Verification";96;1501675214470;
"CHE05a";"Formalizing Cardinality-Based Feature Models and Their Specialization";643;1501676295818;
"CK05";"Cardinality-Based Feature Modeling and Constraints A Progress Report";277;1502790788866;
"BTRC05";"Using Constraint Programming to Reason on Feature Models";0;1501510518743;
"useBTRC05";"Automated Reasoning on Feature Models";4;1501511601204;
"SZLW05";"Formal Semantics and Verification for Feature Modeling";153;1502859803235;
"B05";"Feature Models, Grammars, and Propositional Formulas";1130;1502866163488;
"LAMS05";"Tool Support for Feature-Oriented Software Development - FeatureIDE An Eclipse-Based Approach";44;1502867253559;
"MPY+:ICSE04";"Skoll Distributed Continuous Quality Assurance";125;1501709590990;
"GLRW:ICSR04";"Towards Generating Acceptance Tests for Product Lines";40;1501710671994;
"DL:HASE04";"Software Fault Tree Analysis for Product Lines";64;1501747860264;
"DHT:IST04";"Verifying Haskell Programs by Combining Testing, Model Checking and Interactive Theorem Proving";18;1502868334918;
"M:STVR04";"Search-Based Software Test Data Generation A Survey Research Articles";-2;1501512682184;
"P:SoSyM04";"Plug-and-Play Composition of Features and Feature Interactions with Statechart Diagrams";49;1502869416279;
"BFKH:ASE04";"Parameterized Interfaces for Open System Verification of Product Lines";39;1502870497589;
"HP04";"Finding Bugs is Easy";907;1502871579195;
"KWA:TSE04";"Software Fault Interactions and Implications for Software Testing";589;1502872660611;
"SK:EIWAS04";"PCDiff Attacking the Fragile Pointcut Problem";184;1502873742048;
"KFG:FSE04";"Verifying Aspect Advice Modularly";128;1502874824295;
"MO:FSE04";"Variability Management with Feature-Oriented Programming and Aspects";281;1502875905732;
"BPS:SCP04";"Variability Management with Feature Models";179;1502876986799;
"TTK04";"Product Family Testing A Survey";123;1502878067817;
"useLS05";"Cona Aspects for Contracts and Contracts for Aspects";42;1502879149410;
"AC04";"FeaturePlugin Feature Modeling Plug-In for Eclipse";334;1502880231155;
"CCHW04";"Eclipse AspectJ Aspect-Oriented Programming With AspectJ and the Eclipse AspectJ Development Tools";153;1502881313165;
"G04";"A Computer-Checked Proof of the Four Colour Theorem";190;1502882394217;
"SH04";"Experiences Adopting Software Product Line Development without a Product Line Architecture";42;1502883475579;
"BC04";"Interactive Theorem Proving and Program Development - Coq'Art The Calculus of Inductive Constructions";1822;1502884557398;
"STBMPSF04";"Introducing PLA at Bosch Gasoline Systems Experiences and Practices";102;1502885638783;
"ZZM04";"A Propositional Logic-Based Method for Verification of Feature Models";139;1502886720812;
"useCHE05b";"Staged Configuration Using Feature Models";514;1502887802256;
"AMS04";"Using a Configurator for Modelling and Configuring Software Product Lines based on Feature Models";45;1502888883597;
"BHST04";"Semantics of Feature Diagrams";-2;1501513764501;
"BSR04";"Scaling Step-Wise Refinement";1059;1501529683267;
"B:ICSE03";"A Tutorial on Feature-Oriented Programming and Product Lines";48;1504109130750;
"MC:PFE03";"Theorem Proving for Product Line Model Verification";47;1501748941768;
"BG:PFE03";"PLUTO A Test Methodology for Product Families";82;1501750023821;
"CGMC:ICSE03";"Constructing Test Suites for Interaction Testing";355;1502889965155;
"H:JMLC03";"The Verifying Compiler A Grand Challenge for Computing Research";402;1502891046246;
"AK03";"Model-Driven Development A Metamodeling Foundation";985;1502892128406;
"KM:CONQUEST03";"Challenges in Testing Software Product Lines";18;1502893209943;
"H:NODe03";"Object Teams Improving Modularity for Crosscutting Collaborations";192;1502894291274;
"BS03";"Abstract State Machines A Method for High-Level System Design and Analysis";1240;1502895373320;
"SDNB:ECOOP03";"Traits Composable Units of Behaviour";446;1501530764574;
"MO:AOSD03";"Conquering Aspects with Caesar";382;1502896455021;
"LG03";"Analysis of a Software Product Line Architecture An Experience Report";37;1502897536552;
"CKMR03";"Feature Interaction A Critical Review and Considered Forecast";414;1502898618068;
"ZR03";"Pipa A Behavioral Interface Specification Language for AspectJ";80;1502899699853;
"B03";"Composition and Construction of Embedded Software Families";59;1502901864024;
"SRP03";"Details of Formalized Relations in Feature Models Using OCL";76;1502902945377;
"CBBHROA03";"Automating Feature-Oriented Domain Analysis";31;1502904027463;
"R03";"Towards a More Precise Definition of Feature Models";119;1502905108729;
"K:SPLC02";"Variation Management for Software Production Lines";152;1504166276680;
"KKI:TSE02";"CCFinder A Multilinguistic Token-based Code Clone Detection System for Large Scale Source Code";1381;1501751105320;
"M:TSE02";"A State-of-the-Art Survey on Software Merging";510;1501677376571;
"FF:ICFP02";"Contracts for Higher-Order Functions";369;1502906190293;
"ABGM:TSE02";"Using Version Control Data to Evaluate the Impact of Software Tools A Case Study of the Version Editor";86;1502369656681;
"CK:Software02";"Point  Counterpoint Being Proactive Pays Off  Eliminating the Adoption Barrier";-2;1501531845515;
"CL:FOAL02";"Observers and Assistants A Proposal for Modular Aspect-Oriented Reasoning";150;1502370737796;
"KLD:Software02";"Feature-Oriented Product Line Engineering";636;1502371818897;
"UT:AOSD02";"Aspect-Oriented Programming with Model Checking";79;1502372899616;
"L02";"Specifying Systems The TLA+ Language and Tools for Hardware and Software Engineers";877;1502373980353;
"FLL+:PLDI02";"Extended Static Checking for Java";9;1502375061951;
"NWP02";"IsabelleHOL A Proof Assistant for Higher-Order Logic";2689;1502376142940;
"SB02";"Mixin Layers An Object-Oriented Implementation Technique for Refinements and Collaboration-Based Designs";365;1502377223872;
"LKF02";"Verifying Cross-Cutting Features as Open Systems";95;1502378304912;
"K:PFE02";"Easing the Transition to Software Mass Customization";305;1502379385835;
"APB:SCAM02";"Handling Preprocessor-Conditioned Declarations";40;1502391860804;
"B02";"Test Driven Development By Example";2689;1502392942896;
"KLD:S02";"Feature-Oriented Product Line Engineering";636;1502394024172;
"SS:TOSEM02";"Behavior-Consistent Specialization of Object Life Cycles";119;1502395105707;
"SP02";"Aspect-Oriented Programming with C and .NET";66;1502396186982;
"SGSP02";"AspectC++ An Aspect-Oriented Extension to the C++ Programming Language";425;1502397268150;
"LKF:ASE02";"Interfaces for Modular Feature Verification";51;1502398355773;
"K02";"AspectC An AOSD implementation for C";81;1501575148833;
"NPW02";"IsabelleHOL - A Proof Assistant for Higher-Order Logic";2689;1502399438211;
"P02";"Types and Programming Languages";2591;1502400520645;
"vDK02";"Domain-Specific Language Design Requires Feature Descriptions";305;1502907272724;
"RBSP02";"Extending Feature Diagrams with UML Multiplicities";234;1502908357812;
"BLHM02";"Generating Product-Lines of Product-Families";98;1502909439224;
"dJV02";"Grammars as Feature Diagrams";41;1502910520217;
"M02";"Using First-Order Logic for Product Line Model Validation";254;1502911601627;
"C:APSEC01";"Applying mutation analysis for object-oriented programs using a reflective approach";49;1502912683413;
"RUCH:TSE01";"Prioritizing Test Cases for Regression Testing";1121;1502913765250;
"MJ01";"Testing a Software Product Line";210;1502914846904;
"FLF:ESECFSE01";"Behavioral Contracts and Behavioral Subtyping";100;1502915928845;
"NCA:REFLECTION01";"Supporting Formal Verification of Crosscutting Concerns";29;1502917010418;
"B2001";"Software Product Lines Organizational Alternatives";137;1502918092096;
"FL:FME01";"Houdini, an Annotation Assistant for ESCJava";352;1502919174299;
"LB:GCSE01";"A Standard Problem for Evaluating Product-Line Methodologies";178;1502920256199;
"PR01";"Feature Integration Using a Feature Construct";103;1502921337767;
"CN01";"Software Product Lines Practices and Patterns";-2;1501576233055;
"Sch01";"Automated Theorem Proving in Software Engineering";115;1502922419872;
"FK01";"Modular Verification of Collaboration-Based Software Designs";102;1502923502073;
"KHHKPG01";"An Overview of AspectJ";3969;1502924584101;
"AG01";"Implementing Product Line Variabilities";275;1502925666337;
"IPW01";"Featherweight Java A Minimal Core Calculus for Java and GJ";887;1502926748288;
"vGBS01";"On the Notion of Variability in Software Product Lines";695;1502927829614;
"S01";"User Interface Design for Programmers";152;1501577313751;
"H:FSE00";"Testing A Roadmap";496;1501678457843;
"EMR:SEN00";"Prioritizing Test Cases for Regression Testing";1111;1501679538451;
"OLKM00";"The Koala Component Model for Consumer Electronics Software";929;1501680619264;
"HP:STTT00";"Model Checking Java Programs Using Java PathFinder";882;1501681700312;
"VHBP:ASE00";"Model Checking Programs";1595;1501682781233;
"HA:FSE00";"Composing Features and Resolving Interactions";72;1501683862173;
"BCS:SPLC00";"Object-Oriented Frameworks and Product Lines";134;1501684943298;
"KPRS:GCSE00";"Aspect Composition Applying the Design by Contract Principle";66;1501578395212;
"B00";"A Run-time Assertion Checker for Java Using JML";45;1501686024551;
"SB00";"Issues Concerning Variability in Software Product Lines";94;1501687105192;
"CE00";"Generative Programming Methods, Tools, and Applications";3547;1501579476522;
"F00";"Refactoring Improving the Design of Existing Code";7225;1501580557210;
"Binder99";"Testing Object-oriented Systems Models, Patterns, and Tools";2101;1501688187049;
"BFK+:SSR99";"PuLSE A Methodology to Develop Software Product Lines";537;1501581638045;
"CCGR:CAV99";"NuSMV A New Symbolic Model Verifier";682;1501689267437;
"TOHS:ICSE99";"N Degrees of Separation Multi-Dimensional Separation of Concerns";1828;1501691429320;
"CGP99";"Model Checking";11879;1501692510213;
"PMDL99";"Extending Software Quality Assessment Techniques to Java Systems";65;1501693591045;
"IPW99";"Featherweight Java A Minimal Core Calculus for Java and GJ";885;1501708509839;
"JZ:TSE98";"Distributed feature composition a virtual architecture for telecommunications services";287;1501752186524;
"K:TOOLS98";"iContract - The Java(Tm) Design by Contract(Tm) Tool";-2;1501582718867;
"KC98";"JPP A Java Pre-Processor";16;1503080815412;
"BCK98";"Software Architecture in Practice";7563;1503081898356;
"L:OOPSLA98";"Data Groups Specifying the Modification of Extended State";185;1501583799642;
"CW:CSUR98";"Version Models for Software Configuration Management";859;1503082979636;
"BM:ICSE98";"Conceptual Module Querying for Software Reengineering";64;1503084060910;
"TWFL:IWSSD98";"Feature Engineering";45;1503245346490;
"ML:OOPSLA98";"Adaptive Plug-and-Play Components for Evolutionary Software Development";260;1503246442464;
"FKF:POPL98";"Classes and Mixins";517;1503247524255;
"SB:ECOOP98";"Implementing Layered Designs with Mixin Layers";368;1503248606293;
"GFA98";"Integrating Feature Modeling with the RSEB";787;1503249687080;
"KKLKKS98";"FORM A Feature-Oriented Reuse Method with Domain-Specific Reference Architectures";1319;1503250769377;
"H:TSE97";"The Model Checker SPIN";5333;1503251851053;
"N97";"Proof-Carrying Code";2353;1501584880649;
"JM97";"Design by Contract The Lessons of Ariane";309;1503254014248;
"M97";"Advanced Compiler Design and Implementation";30;1501585961101;
"C97";"Type Systems";568;1503255096299;
"P97";"Feature-Oriented Programming A Fresh Look at Objects";484;1503256178087;
"KLMMLLI97";"Aspect-Oriented Programming";9083;1503258341631;
"AS96";"Structure and Interpretation of Computer Programs";2805;1503260504906;
"ORR+:CAV96";"PVS Combining Specification, Proof Checking, and Model Checking";617;1502401601890;
"AF96";"The New Statistical Analysis of Data";203;1501587042116;
"A96";"The B-Book Assigning Programs to Meanings";4207;1502402683913;
"JSHS96";"TROLL A Language for Object-Oriented Specification of Information Systems";160;1502403765242;
"VN:OOPSLA96";"Using Role Components in Implement Collaboration-Based Designs";286;1503261586648;
"DL96";"Forcing Behavioral Subtyping through Specification Inheritance";253;1503262668794;
"MLM96";"Experiment on the Automatic Detection of Function Clones in a Software System Using Metrics";550;1503264832010;
"MMC:OOPSLA95";"Towards a Methodology for Explicit Composition of MetaObjects";99;1503265914246;
"BR95";"A Mathematical Definition of Full Prolog";124;1501588122777;
"NT95";"Object-Oriented Software Composition";194;1503266996106;
"GHJV95";"Design Patterns Elements of Reusable Object-Oriented Software";38346;1503268078310;
"B95";"On Finding Duplication and Near-Duplication in Large Software Systems";759;1503269159572;
"LW:TOPLAS94";"A Behavioral Notion of Subtyping";1409;1503270241111;
"N94";"Usability Engineering";17606;1503271323339;
"WF94";"A Syntactic Approach to Type Soundness";1183;1503272404880;
"R93";"Raise Method Manual";24;1503273487461;
"BR93";"A Formal Specification of PARLOG";20;1503276732289;
"HO:OOPSLA93";"Subject-Oriented Programming A Critique of Pure Objects";1068;1503277814299;
"J93";"Identifying Redundancy in Source Code Using Fingerprints";296;1503278896473;
"CDK93";"A Unified Approach for Showing Language Containment and Equivalence Between Various Types of $omega$-Automata";36;1503279978157;
"SC:USENIX92";"ifdef Considered Harmful, or Portability Experience With C News";199;1504167360871;
"W92";"Specification in Fresco";31;1503281059649;
"ORS:CADE92";"PVS A Prototype Verification System";1938;1503282141428;
"H:ECOOP92";"Specifying Reusable Components Using Contracts";215;1503283222936;
"M92";"Applying Design by Contract";2617;1503284305085;
"C:ECOOP91";"Inheritance in Object-Oriented Z";74;1503285386607;
"A:FOOL91";"Designing an Object-Oriented Programming Language with Behavioural Subtyping";342;1503286468306;
"HV91";"Model Checking vs. Theorem Proving A Manifesto";267;1503287550386;
"BC:ECOOP90";"Mixin-Based Inheritance";1090;1503288632486;
"HHG:ECOOP90";"Contracts Specifying Behavioral Compositions in Object-Oriented Systems";776;1503295202576;
"B:Van90";"Software Testing Techniques";3991;1503296284528;
"J90";"Systematic Software Development Using VDM";3507;1503297365689;
"KCHNP90";"Feature-Oriented Domain Analysis (FODA) Feasibility Study";4733;1503298447693;
"RDH+:PU89";"Design Of Mutant Operators For The C Programming Language";287;1503299529799;
"H:BST50";"Error detecting and error correcting codes";4974;1501753268347;
"C:MOR79";"A Greedy Heuristic for the Set-Covering Problem";2335;1501754349265;
"BDC+:SETSS89";"The Feature Interaction Problem in Telecommunications Systems";187;1501589777844;
"MF89";"Towards a Generic Model of Configuration Tasks";590;1501755430742;
"S88";"Understanding Z A Specification Language and Its Formal Semantics";-2;1501590859125;
"M88";"Object-Oriented Software Construction";9632;1501591940334;
"Z87";"A Framework for Information Systems Architecture";3698;1501593021351;
"LG86";"Abstraction and Specification in Program Development";850;1501594102684;
"D86";"Checking C Programs with Lint";75;1501595184222;
"S85";"The Limits of Correctness";61;1501596265187;
"SE84";"Empirical Studies of Programming Knowledge";913;1501597346741;
"S83";"Algorithms";-2;1501598427357;
"G81";"The Science of Programming";2303;1503300611778;
"W:ICSE81";"Program Slicing";4367;1503301693855;
"S81";"Independent Predicates";5;1503302775566;
"P:ICSE78";"Designing Software for Ease of Extension and Contraction";881;1503303857747;
"CC:POPL77";"Abstract Interpretation A Unified Lattice Model for Static Analysis of Programs by Construction or Approximation of Fixpoints";6669;1503304938651;
"D76";"A Discipline of Programming";7086;1503306019514;
"P76";"On the Design and Development of Program Families";1139;1503307101625;
"K76";"Symbolic Execution and Program Testing";2403;1501599508606;
"D75";"Guarded Commands, Nondeterminacy and Formal Derivation of Programs";2291;1503309948146;
"LZ74";"Programming with Abstract Data Types";1038;1503311029525;
"D72";"Chapter I Notes on Structured Programming";-2;1501600589864;
"H72";"Proof of Correctness of Data Representations";1505;1503322759475;
"P72";"On the Criteria to be used in Decomposing Systems into Modules";6100;1503323841030;
"W71";"Program Development by Stepwise Refinement";1782;1501601671347;
"H69";"An Axiomatic Basis for Computer Programming";6791;1503464819784;
"I68";"Mass Produced Software Components";1612;1503465903772;
"D68";"Go To Statement Considered Harmful";11;1501602752160;
"F67";"Assigning Meanings to Programs";3253;1503466986093;
"T49";"Checking a Large Routine";326;1503468067394;
"F1879";"Begriffsschrift, eine der arithmetischen nachgebildete Formelsprache des reinen Denkens";1904;1503469149391;
"KMSL:CDT83";"CONIC An Integrated Approach to Distributed Computer Control Systems";158;1503470231375;
"spl-strategies";"Analysis Strategies for Software Product Lines";71;1503471313186;
"cpp";"The C Preprocessor";33;1501603833731;
"antenna";"Antenna An Ant-to-End Solution For Wireless Java";5;1503472396791;
"munge";"Munge A Purposely-Simple Java Preprocessor";-2;1501604915499;
"useFM07";"Why A Software Verification Platform";-2;1501605997274;
"sat4j";"SAT4J A Satisfiability Library for Java";35;1503473479895;
"homogeneous";"An Homogeneous Feature-Based Approach";-2;1501607079133;
"gears";"Gears A Software Product Line Engineering Tool";-2;1501608160020;
"pure-variants";"purevariants";-2;1501609240859;
"cdl3";"The eCos Component Writer's Guide";28;1504795615724;
"cdl";"The eCos Component Writer's Guide";28;1503474562513;
"LinuxKernelConf";"LinuxKernelConf Documentation";-2;1501610322418;
"kconfig";"KConfig Documentation";-2;1501611403795;
"AHEAD";"AHEAD Tool Suite";22;1503475644229;
"Coq:mailinglist";"The Coq Mailing List";-2;1501616817588;
"Coq:website";"The Coq Proof Assistant";31;1501617898663;
"Coq:manual";"The Coq Proof Assistant Reference Manual";15;1501618980187;
"JML:manual";"JML Reference Manual";225;1503476726258;
